id,title,artist,tag,duration_sec,is_favorite,download_count,play_count,last_played_iso
sp001,晴天,周杰伦,流行,269,0,0,0,
sp002,七里香,周杰伦,流行,299,0,0,0,
sp003,青花瓷,周杰伦,古风,238,0,0,0,
sp004,稻香,周杰伦,流行,223,0,0,0,
sp005,夜曲,周杰伦,流行,228,0,0,0,
sp006,以父之名,周杰伦,流行,335,0,0,0,
sp007,告白气球,周杰伦,流行,213,0,0,0,
sp008,花海,周杰伦,流行,256,0,0,0,
sp009,一路向北,周杰伦,流行,255,0,0,0,
sp010,搁浅,周杰伦,流行,289,0,0,0,
sp011,烟花易冷,周杰伦,古风,296,0,0,0,
sp012,双截棍,周杰伦,流行,202,0,0,0,
sp013,等你下课,周杰伦,流行,260,0,0,0,
sp014,明明就,周杰伦,流行,277,0,0,0,
sp015,不该,周杰伦,流行,288,0,0,0,
sp016,说好不哭,周杰伦,流行,256,0,0,0,
sp017,Mojito,周杰伦,流行,198,0,0,0,
sp018,简单爱,周杰伦,流行,247,0,0,0,
sp019,爱在西元前,周杰伦,流行,233,0,0,0,
sp020,龙卷风,周杰伦,流行,265,0,0,0,
sp021,东风破,周杰伦,古风,289,0,0,0,
sp022,菊花台,周杰伦,古风,300,0,0,0,
sp023,发如雪,周杰伦,古风,256,0,0,0,
sp024,千里之外,周杰伦,古风,257,0,0,0,
sp025,霍元甲,周杰伦,流行,238,0,0,0,
sp026,不能说的秘密,周杰伦,流行,256,0,0,0,
sp027,听妈妈的话,周杰伦,流行,247,0,0,0,
sp028,算什么男人,周杰伦,流行,280,0,0,0,
sp029,安静,周杰伦,流行,326,0,0,0,
sp030,说好的幸福呢,周杰伦,流行,265,0,0,0,
sp031,枫,周杰伦,流行,272,0,0,0,
sp032,江南,林俊杰,流行,255,0,0,0,
sp033,修炼爱情,林俊杰,流行,317,0,0,0,
sp034,可惜没如果,林俊杰,流行,287,0,0,0,
sp035,小酒窝,林俊杰,流行,232,0,0,0,
sp036,一千年以后,林俊杰,流行,253,0,0,0,
sp037,曹操,林俊杰,古风,232,0,0,0,
sp038,不为谁而作的歌,林俊杰,流行,300,0,0,0,
sp039,醉赤壁,林俊杰,古风,287,0,0,0,
sp040,背对背拥抱,林俊杰,流行,304,0,0,0,
sp041,她说,林俊杰,流行,275,0,0,0,
sp042,那些你很冒险的梦,林俊杰,流行,289,0,0,0,
sp043,黑夜问白天,林俊杰,流行,238,0,0,0,
sp044,飞云之下,林俊杰,流行,289,0,0,0,
sp045,豆浆油条,林俊杰,流行,234,0,0,0,
sp046,美人鱼,林俊杰,古风,260,0,0,0,
sp047,可惜不是你,梁静茹,流行,295,0,0,0,
sp048,勇气,梁静茹,流行,260,0,0,0,
sp049,会呼吸的痛,梁静茹,流行,298,0,0,0,
sp050,宁夏,梁静茹,流行,228,0,0,0,
sp051,崇拜,梁静茹,流行,294,0,0,0,
sp052,分手快乐,梁静茹,流行,267,0,0,0,
sp053,小手拉大手,梁静茹,流行,238,0,0,0,
sp054,情歌,梁静茹,流行,289,0,0,0,
sp055,情非得已,庾澄庆,流行,238,0,0,0,
sp056,遇见,孙燕姿,流行,237,0,0,0,
sp057,逆光,孙燕姿,流行,289,0,0,0,
sp058,我不难过,孙燕姿,流行,267,0,0,0,
sp059,一直很安静,孙燕姿,流行,278,0,0,0,
sp060,天黑黑,孙燕姿,流行,287,0,0,0,
sp061,绿光,孙燕姿,流行,254,0,0,0,
sp062,我要的幸福,孙燕姿,流行,289,0,0,0,
sp063,我不爱,孙燕姿,流行,267,0,0,0,
sp064,日不落,蔡依林,流行,213,0,0,0,
sp065,倒带,蔡依林,流行,265,0,0,0,
sp066,说爱你,蔡依林,流行,235,0,0,0,
sp067,舞娘,蔡依林,流行,236,0,0,0,
sp068,大艺术家,蔡依林,流行,234,0,0,0,
sp069,爱情三十六计,蔡依林,流行,234,0,0,0,
sp070,看我72变,蔡依林,流行,234,0,0,0,
sp071,爱你,王心凌,流行,235,0,0,0,
sp072,花的嫁纱,王心凌,流行,267,0,0,0,
sp073,睫毛弯弯,王心凌,流行,234,0,0,0,
sp074,Honey,王心凌,流行,238,0,0,0,
sp075,彩虹的微笑,王心凌,流行,235,0,0,0,
sp076,当你,王心凌,流行,289,0,0,0,
sp077,消愁,毛不易,流行,318,0,0,0,
sp078,像我这样的人,毛不易,流行,287,0,0,0,
sp079,牧马城市,毛不易,流行,289,0,0,0,
sp080,借,毛不易,流行,287,0,0,0,
sp081,不染,毛不易,古风,289,0,0,0,
sp082,平凡的一天,毛不易,流行,289,0,0,0,
sp083,一荤一素,毛不易,流行,278,0,0,0,
sp084,盛夏,毛不易,流行,295,0,0,0,
sp085,项羽虞姬,毛不易,古风,289,0,0,0,
sp086,入海,毛不易,流行,289,0,0,0,
sp087,孤勇者,陈奕迅,流行,287,0,0,0,
sp088,十年,陈奕迅,流行,205,0,0,0,
sp089,十年,陈奕迅,粤语,205,0,0,0,
sp090,K歌之王,陈奕迅,粤语,278,0,0,0,
sp091,富士山下,陈奕迅,粤语,289,0,0,0,
sp092,浮夸,陈奕迅,粤语,287,0,0,0,
sp093,单车,陈奕迅,粤语,189,0,0,0,
sp094,最佳损友,陈奕迅,粤语,234,0,0,0,
sp095,明年今日,陈奕迅,粤语,238,0,0,0,
sp096,岁月如歌,陈奕迅,粤语,256,0,0,0,
sp097,红玫瑰,陈奕迅,粤语,267,0,0,0,
sp098,白玫瑰,陈奕迅,粤语,278,0,0,0,
sp099,葡萄成熟时,陈奕迅,粤语,289,0,0,0,
sp100,陀飞轮,陈奕迅,粤语,267,0,0,0,
sp101,不要说话,陈奕迅,粤语,289,0,0,0,
sp102,一丝不挂,陈奕迅,粤语,278,0,0,0,
sp103,圣诞结,陈奕迅,粤语,287,0,0,0,
sp104,遥远的她,陈奕迅,粤语,256,0,0,0,
sp105,你的背包,陈奕迅,粤语,278,0,0,0,
sp106,爱情转移,陈奕迅,粤语,256,0,0,0,
sp107,好久不见,陈奕迅,粤语,234,0,0,0,
sp108,不如不见,陈奕迅,粤语,267,0,0,0,
sp109,苦瓜,陈奕迅,粤语,289,0,0,0,
sp110,夕阳无限好,陈奕迅,粤语,278,0,0,0,
sp111,人来人往,陈奕迅,粤语,289,0,0,0,
sp112,无条件,陈奕迅,粤语,289,0,0,0,
sp113,落花流水,陈奕迅,粤语,287,0,0,0,
sp114,与我常在,陈奕迅,粤语,234,0,0,0,
sp115,黑择明,陈奕迅,粤语,267,0,0,0,
sp116,海阔天空,Beyond,粤语,312,0,0,0,
sp117,光辉岁月,Beyond,粤语,323,0,0,0,
sp118,真的爱你,Beyond,粤语,289,0,0,0,
sp119,大地,Beyond,粤语,295,0,0,0,
sp120,喜欢你,Beyond,粤语,256,0,0,0,
sp121,冷雨夜,Beyond,粤语,338,0,0,0,
sp122,再见理想,Beyond,粤语,278,0,0,0,
sp123,不再犹豫,Beyond,粤语,256,0,0,0,
sp124,灰色轨迹,Beyond,粤语,289,0,0,0,
sp125,AMANI,Beyond,粤语,329,0,0,0,
sp126,长城,Beyond,粤语,289,0,0,0,
sp127,情人,Beyond,粤语,289,0,0,0,
sp128,吻别,张学友,粤语,278,0,0,0,
sp129,等你等到我心痛,张学友,粤语,267,0,0,0,
sp130,饿狼传说,张学友,粤语,289,0,0,0,
sp131,你的名字我的姓氏,张学友,粤语,278,0,0,0,
sp132,只想一生跟你走,张学友,粤语,289,0,0,0,
sp133,李香兰,张学友,粤语,289,0,0,0,
sp134,旧情绵绵,张学友,粤语,278,0,0,0,
sp135,夕阳醉了,张学友,粤语,289,0,0,0,
sp136,心如刀割,张学友,粤语,289,0,0,0,
sp137,祝福,张学友,粤语,267,0,0,0,
sp138,一千个伤心的理由,张学友,粤语,289,0,0,0,
sp138,一路上有你,张学友,粤语,256,0,0,0,
sp139,如果这都不算爱,张学友,粤语,278,0,0,0,
sp140,忘情水,刘德华,粤语,278,0,0,0,
sp141,真我的风采,刘德华,粤语,267,0,0,0,
sp142,独自去偷欢,刘德华,粤语,289,0,0,0,
sp143,暗里着迷,刘德华,粤语,278,0,0,0,
sp144,你是我的女人,刘德华,粤语,256,0,0,0,
sp145,一起走过的日子,刘德华,粤语,289,0,0,0,
sp146,世界第一等,刘德华,粤语,267,0,0,0,
sp147,我恨我痴心,刘德华,粤语,289,0,0,0,
sp148,17岁,刘德华,粤语,267,0,0,0,
sp149,来生缘,刘德华,粤语,289,0,0,0,
sp150,谢谢你的爱,刘德华,粤语,278,0,0,0,
sp151,天意,刘德华,粤语,289,0,0,0,
sp152,中国人,刘德华,粤语,267,0,0,0,
sp153,冰雨,刘德华,粤语,289,0,0,0,
sp154,笨小孩,刘德华,粤语,289,0,0,0,
sp155,大地恩情,梅艳芳,粤语,278,0,0,0,
sp156,女人花,梅艳芳,粤语,289,0,0,0,
sp157,夕阳之歌,梅艳芳,粤语,267,0,0,0,
sp158,亲密爱人,梅艳芳,粤语,289,0,0,0,
sp159,似水流年,梅艳芳,粤语,278,0,0,0,
sp160,抱紧眼前人,梅艳芳,粤语,267,0,0,0,
sp161,胭脂扣,梅艳芳,粤语,256,0,0,0,
sp162,挥着翅膀的女孩,容祖儿,粤语,234,0,0,0,
sp163,痛爱,容祖儿,粤语,289,0,0,0,
sp164,连续剧,容祖儿,粤语,278,0,0,0,
sp165,怯,容祖儿,粤语,267,0,0,0,
sp166,天窗,容祖儿,粤语,256,0,0,0,
sp167,黄色大门,容祖儿,粤语,267,0,0,0,
sp168,千年之恋,卫兰,粤语,278,0,0,0,
sp169,大哥,卫兰,粤语,289,0,0,0,
sp170,心乱如麻,卫兰,粤语,289,0,0,0,
sp171,My Love,卫兰,粤语,256,0,0,0,
sp172,就算世界无童话,卫兰,粤语,289,0,0,0,
sp173,情深说话未曾讲,卫兰,粤语,278,0,0,0,
sp174,兰亭序,周杰伦,古风,267,0,0,0,
sp175,清明雨上,许嵩,古风,289,0,0,0,
sp176,庐州月,许嵩,古风,278,0,0,0,
sp177,断桥残雪,许嵩,古风,289,0,0,0,
sp178,如果当时,许嵩,古风,267,0,0,0,
sp179,千百度,许嵩,古风,289,0,0,0,
sp180,半城烟沙,许嵩,古风,267,0,0,0,
sp181,燕归巢,许嵩,古风,289,0,0,0,
sp182,山水之间,许嵩,古风,278,0,0,0,
sp183,七夕,许嵩,古风,289,0,0,0,
sp184,南山忆,许嵩,古风,267,0,0,0,
sp185,红尘客栈,许嵩,古风,289,0,0,0,
sp186,惊鸿一面,许嵩,古风,278,0,0,0,
sp187,拆东墙,许嵩,古风,289,0,0,0,
sp188,牵丝戏,银临,古风,289,0,0,0,
sp189,锦鲤抄,银临,古风,278,0,0,0,
sp190,东风志,银临,古风,267,0,0,0,
sp191,是风动,银临,古风,289,0,0,0,
sp192,芊芊,银临,古风,256,0,0,0,
sp193,卷珠帘,霍尊,古风,289,0,0,0,
sp194,洛神赋,霍尊,古风,267,0,0,0,
sp195,倾尽天下,河图,古风,289,0,0,0,
sp196,赤伶,HITA,古风,278,0,0,0,
sp197,第三十八年夏至,河图,古风,289,0,0,0,
sp198,故梦,橙翼,古风,267,0,0,0,
sp199,眉间雪,HITA,古风,256,0,0,0,
sp200,天行九歌,胡彦斌,古风,289,0,0,0,
sp201,月光,胡彦斌,古风,278,0,0,0,
sp202,花田错,王力宏,古风,267,0,0,0,
sp203,天地龙鳞,王力宏,古风,289,0,0,0,
sp204,缘分一道桥,王力宏,古风,256,0,0,0,
sp205,天下,张杰,古风,289,0,0,0,
sp206,剑心,张杰,古风,278,0,0,0,
sp207,辞青,等什么君,古风,267,0,0,0,
sp208,谪仙,伊格赛听,古风,289,0,0,0,
sp209,山有木兮,伦桑,古风,278,0,0,0,
sp210,春三月,司南,古风,289,0,0,0,
sp211,广寒宫,玟恩,古风,267,0,0,0,
sp212,锦瑟,周深,古风,289,0,0,0,
sp213,大鱼,周深,古风,289,0,0,0,
sp214,半壶纱,刘珂矣,古风,289,0,0,0,
sp215,风筝误,刘珂矣,古风,278,0,0,0,
sp216,成都,赵雷,民谣,329,0,0,0,
sp217,南方姑娘,赵雷,民谣,289,0,0,0,
sp218,画,赵雷,民谣,278,0,0,0,
sp219,理想,赵雷,民谣,267,0,0,0,
sp220,鼓楼,赵雷,民谣,329,0,0,0,
sp221,再见北京,赵雷,民谣,289,0,0,0,
sp222,少年锦时,赵雷,民谣,278,0,0,0,
sp223,我们的时光,赵雷,民谣,289,0,0,0,
sp224,未给姐姐递出的信,赵雷,民谣,289,0,0,0,
sp225,贝加尔湖畔,李健,民谣,287,0,0,0,
sp226,传奇,李健,民谣,278,0,0,0,
sp227,风吹麦浪,李健,民谣,267,0,0,0,
sp228,父亲写的散文诗,李健,民谣,329,0,0,0,
sp229,假如爱有天意,李健,民谣,289,0,0,0,
sp230,异乡人,李健,民谣,278,0,0,0,
sp231,那些花儿,朴树,民谣,289,0,0,0,
sp232,平凡之路,朴树,民谣,289,0,0,0,
sp233,生如夏花,朴树,民谣,278,0,0,0,
sp234,白桦林,朴树,民谣,267,0,0,0,
sp235,送别,朴树,民谣,256,0,0,0,
sp236,New Boy,朴树,民谣,289,0,0,0,
sp237,蓝莲花,许巍,民谣,289,0,0,0,
sp238,像风一样自由,许巍,民谣,278,0,0,0,
sp239,漫步,许巍,民谣,267,0,0,0,
sp240,曾经的你,许巍,民谣,289,0,0,0,
sp241,故乡,许巍,民谣,329,0,0,0,
sp242,执着,许巍,民谣,278,0,0,0,
sp243,理想三旬,陈鸿宇,民谣,289,0,0,0,
sp244,额尔古纳,陈鸿宇,民谣,278,0,0,0,
sp245,春风十里,鹿先森乐队,民谣,278,0,0,0,
sp246,爱人错过,告五人,民谣,267,0,0,0,
sp247,唯一,告五人,民谣,289,0,0,0,
sp248,小半,陈粒,民谣,267,0,0,0,
sp249,奇妙能力歌,陈粒,民谣,289,0,0,0,
sp250,易燃易爆炸,陈粒,民谣,267,0,0,0,
sp251,历历万乡,陈粒,民谣,289,0,0,0,
sp252,董小姐,宋冬野,民谣,329,0,0,0,
sp253,安和桥,宋冬野,民谣,289,0,0,0,
sp254,斑马斑马,宋冬野,民谣,278,0,0,0,
sp255,莉莉安,宋冬野,民谣,267,0,0,0,
sp256,郭源潮,宋冬野,民谣,289,0,0,0,
sp257,南山南,马頔,民谣,289,0,0,0,
sp258,傲寒,马頔,民谣,267,0,0,0,
sp259,皆非,马頔,民谣,278,0,0,0,
sp260,海龟先生,房东的猫,民谣,289,0,0,0,
sp261,下一站茶山刘,房东的猫,民谣,267,0,0,0,
sp262,秋酿,房东的猫,民谣,256,0,0,0,
sp263,美好事物,房东的猫,民谣,289,0,0,0,
sp264,天空之城,久石让,纯音乐,289,0,0,0,
sp265,Summer,久石让,纯音乐,196,0,0,0,
sp266,风之通道,久石让,纯音乐,267,0,0,0,
sp267,那个夏天,久石让,纯音乐,289,0,0,0,
sp268,世界的约定,久石让,纯音乐,278,0,0,0,
sp269,海の见える街,久石让,纯音乐,267,0,0,0,
sp270,Ashitaka and San,久石让,纯音乐,329,0,0,0,
sp271,Fantasia,久石让,纯音乐,289,0,0,0,
sp272,崖の上のポニョ,久石让,纯音乐,278,0,0,0,
sp273,となりのトトロ,久石让,纯音乐,256,0,0,0,
sp274,River Flows in You,Yiruma,纯音乐,189,0,0,0,
sp275,Kiss the Rain,Yiruma,纯音乐,189,0,0,0,
sp276,May Be,Yiruma,纯音乐,212,0,0,0,
sp277,Love Me,Yiruma,纯音乐,234,0,0,0,
sp278,When the Love Falls,Yiruma,纯音乐,267,0,0,0,
sp279,Nocturne,坂本龙一,纯音乐,289,0,0,0,
sp280,Merry Christmas Mr. Lawrence,坂本龙一,纯音乐,289,0,0,0,
sp281,Solari,坂本龙一,纯音乐,256,0,0,0,
sp282,Aqua,坂本龙一,纯音乐,267,0,0,0,
sp283,Bibo no Aozora,坂本龙一,纯音乐,329,0,0,0,
sp284,Energy Flow,Ryuichi Sakamoto,纯音乐,289,0,0,0,
sp285,Andata,Ryuichi Sakamoto,纯音乐,278,0,0,0,
sp286,The Last Emperor,坂本龙一,纯音乐,267,0,0,0,
sp287,Solitude,坂本龙一,纯音乐,289,0,0,0,
sp288,async,坂本龙一,纯音乐,329,0,0,0,
sp289,aqua2,Ryuichi Sakamoto,纯音乐,278,0,0,0,
sp290,Beauty,坂本龙一,纯音乐,267,0,0,0,
sp291,Nostalgia,坂本龙一,纯音乐,289,0,0,0,
sp292,Secret Garden,Secret Garden,纯音乐,278,0,0,0,
sp293,Nocturne,Secret Garden,纯音乐,267,0,0,0,
sp294,Song From a Secret Garden,Secret Garden,纯音乐,289,0,0,0,
sp295,Adagio,Secret Garden,纯音乐,329,0,0,0,
sp296,Prelude,Secret Garden,纯音乐,278,0,0,0,
sp297,Passacaglia,Secret Garden,纯音乐,267,0,0,0,
sp298,Hymn,Secret Garden,纯音乐,289,0,0,0,
sp299,You Raise Me Up,Secret Garden,纯音乐,256,0,0,0,
sp300,Merry Go Round,Secret Garden,纯音乐,278,0,0,0,
sp301,二泉映月,华彦钧,纯音乐,438,0,0,0,
sp302,渔舟唱晚,古筝名曲,纯音乐,289,0,0,0,
sp303,高山流水,古琴名曲,纯音乐,438,0,0,0,
sp304,梅花三弄,古琴名曲,纯音乐,438,0,0,0,
sp305,阳春白雪,古琴名曲,纯音乐,289,0,0,0,
sp306,十面埋伏,琵琶名曲,纯音乐,438,0,0,0,
sp307,春江花月夜,古筝名曲,纯音乐,612,0,0,0,
sp308,赛马,黄海怀,纯音乐,143,0,0,0,
sp309,梁祝,何占豪,纯音乐,438,0,0,0,
sp310,良宵,刘天华,纯音乐,189,0,0,0,
sp311,空山鸟语,刘天华,纯音乐,267,0,0,0,
sp312,姑苏行,江先谓,纯音乐,289,0,0,0,
sp313,牧童短笛,贺绿汀,纯音乐,178,0,0,0,
sp314,兰花花,关迺忠,纯音乐,289,0,0,0,
sp315,茉莉花,中国民乐,纯音乐,234,0,0,0,
sp316,紫竹调,沪剧曲牌,纯音乐,189,0,0,0,
sp317,彩云追月,任光,纯音乐,267,0,0,0,
sp318,金蛇狂舞,聂耳,纯音乐,189,0,0,0,
sp319,月光下的凤尾竹,施光南,纯音乐,289,0,0,0,
sp320,瑶族舞曲,刘铁山,纯音乐,329,0,0,0,
sp321,赛马,黄海怀,纯音乐,143,0,0,0,
sp322,夜来香,李香兰,纯音乐,278,0,0,0,
sp323,Annie's Song,Bandari,纯音乐,234,0,0,0,
sp324,The Sound of Silence,Bandari,纯音乐,267,0,0,0,
sp325,El Condor Pasa,Bandari,纯音乐,289,0,0,0,
sp326,卡农,D大调卡农,纯音乐,289,0,0,0,
sp327,致爱丽丝,贝多芬,纯音乐,178,0,0,0,
sp328,月光奏鸣曲,贝多芬,纯音乐,329,0,0,0,
sp329,梦中的婚礼,理查德克莱德曼,纯音乐,289,0,0,0,
sp330,秋日私语,理查德克莱德曼,纯音乐,267,0,0,0,
sp331,水边的阿狄丽娜,理查德克莱德曼,纯音乐,289,0,0,0,
sp332,星空,理查德克莱德曼,纯音乐,278,0,0,0,
sp333,童年的回忆,理查德克莱德曼,纯音乐,256,0,0,0,
sp334,摇篮曲,勃拉姆斯,纯音乐,189,0,0,0,
sp335,G大调小夜曲,莫扎特,纯音乐,329,0,0,0,
sp336,土耳其进行曲,莫扎特,纯音乐,189,0,0,0,
sp337,小星星变奏曲,莫扎特,纯音乐,267,0,0,0,
sp338,天鹅,圣桑,纯音乐,178,0,0,0,
sp339,G弦上的咏叹调,巴赫,纯音乐,329,0,0,0,
sp340,哥德堡变奏曲,巴赫,纯音乐,438,0,0,0,
sp341,夜的钢琴曲五,石进,纯音乐,189,0,0,0,
sp342,夜的钢琴曲六,石进,纯音乐,256,0,0,0,
sp343,天空之城钢琴版,纯钢琴版,纯音乐,289,0,0,0,
sp344,一无所有,崔健,摇滚,323,0,0,0,
sp345,新长征路上的摇滚,崔健,摇滚,438,0,0,0,
sp346,花房姑娘,崔健,摇滚,289,0,0,0,
sp347,假行僧,崔健,摇滚,329,0,0,0,
sp348,解决,崔健,摇滚,267,0,0,0,
sp349,一无所有,崔健,摇滚,323,0,0,0,
sp350,黑色梦中,崔健,摇滚,329,0,0,0,
sp351,无地自容,黑豹乐队,摇滚,329,0,0,0,
sp352,Don't Break My Heart,黑豹乐队,摇滚,289,0,0,0,
sp353,梦回唐朝,唐朝乐队,摇滚,438,0,0,0,
sp354,国际歌,唐朝乐队,摇滚,329,0,0,0,
sp355,选择坚强,唐朝乐队,摇滚,278,0,0,0,
sp356,孤独的人是可耻的,张楚,摇滚,289,0,0,0,
sp357,姐姐,张楚,摇滚,267,0,0,0,
sp358,垃圾场,何勇,摇滚,189,0,0,0,
sp359,姑娘漂亮,何勇,摇滚,234,0,0,0,
sp360,高级动物,窦唯,摇滚,329,0,0,0,
sp361,噢乖,窦唯,摇滚,267,0,0,0,
sp362,黑梦,窦唯,摇滚,329,0,0,0,
sp363,赤裸裸,郑钧,摇滚,289,0,0,0,
sp364,灰姑娘,郑钧,摇滚,329,0,0,0,
sp365,回到拉萨,郑钧,摇滚,329,0,0,0,
sp366,怒放的生命,汪峰,摇滚,289,0,0,0,
sp367,春天里,汪峰,摇滚,329,0,0,0,
sp368,飞得更高,汪峰,摇滚,278,0,0,0,
sp369,当我想你的时候,汪峰,摇滚,289,0,0,0,
sp370,存在,汪峰,摇滚,329,0,0,0,
sp371,光明,汪峰,摇滚,267,0,0,0,
sp372,北京北京,汪峰,摇滚,329,0,0,0,
sp373,像梦一样自由,汪峰,摇滚,289,0,0,0,
sp374,公路之歌,痛仰乐队,摇滚,194,0,0,0,
sp375,再见杰克,痛仰乐队,摇滚,289,0,0,0,
sp376,西湖,痛仰乐队,摇滚,278,0,0,0,
sp377,愿爱无忧,痛仰乐队,摇滚,267,0,0,0,
sp378,没有理想的人不伤心,新裤子,摇滚,341,0,0,0,
sp379,你要跳舞吗,新裤子,摇滚,234,0,0,0,
sp380,生活因你而火热,新裤子,摇滚,267,0,0,0,
sp381,杀死那个石家庄人,万能青年旅店,摇滚,329,0,0,0,
sp382,十万嬉皮,万能青年旅店,摇滚,289,0,0,0,
sp383,秦皇岛,万能青年旅店,摇滚,329,0,0,0,
sp384,揪心的玩笑与漫长的白日梦,万能青年旅店,摇滚,278,0,0,0,
sp385,采花,二手玫瑰,摇滚,267,0,0,0,
sp386,命运,二手玫瑰,摇滚,289,0,0,0,
sp387,冷血动物,谢天笑,摇滚,329,0,0,0,
sp388,向阳花,谢天笑,摇滚,278,0,0,0,
sp389,挪威的森林,伍佰,摇滚,329,0,0,0,
sp390,突然的自我,伍佰,摇滚,278,0,0,0,
sp391,白鸽,伍佰,摇滚,289,0,0,0,
sp392,晚风,伍佰,摇滚,267,0,0,0,
sp393,Faded,Alan Walker,电子,213,0,0,0,
sp394,Alone,Alan Walker,电子,178,0,0,0,
sp395,Sing Me to Sleep,Alan Walker,电子,189,0,0,0,
sp396,All Falls Down,Alan Walker,电子,212,0,0,0,
sp397,Darkside,Alan Walker,电子,189,0,0,0,
sp398,On My Way,Alan Walker,电子,189,0,0,0,
sp399,Animals,Martin Garrix,电子,189,0,0,0,
sp400,Tremor,Martin Garrix,电子,289,0,0,0,
sp401,In The Name Of Love,Martin Garrix,电子,189,0,0,0,
sp402,Scared to Be Lonely,Martin Garrix,电子,212,0,0,0,
sp403,There For You,Martin Garrix,电子,234,0,0,0,
sp404,Wake Me Up,Avicii,电子,247,0,0,0,
sp405,Levels,Avicii,电子,212,0,0,0,
sp406,Hey Brother,Avicii,电子,256,0,0,0,
sp407,The Nights,Avicii,电子,189,0,0,0,
sp408,Waiting For Love,Avicii,电子,234,0,0,0,
sp409,Without You,Avicii,电子,189,0,0,0,
sp410,Levels,Avicii,电子,212,0,0,0,
sp411,Titanium,David Guetta,电子,247,0,0,0,
sp412,When Love Takes Over,David Guetta,电子,234,0,0,0,
sp413,Play Hard,David Guetta,电子,189,0,0,0,
sp414,Hey Mama,David Guetta,电子,189,0,0,0,
sp415,Clarity,Zedd,电子,267,0,0,0,
sp416,Stay The Night,Zedd,电子,212,0,0,0,
sp417,Beautiful Now,Zedd,电子,234,0,0,0,
sp418,The Middle,Zedd,电子,189,0,0,0,
sp419,Closer,The Chainsmokers,电子,267,0,0,0,
sp420,Something Just Like This,The Chainsmokers,电子,247,0,0,0,
sp421,Don't Let Me Down,The Chainsmokers,电子,212,0,0,0,
sp422,Roses,The Chainsmokers,电子,234,0,0,0,
sp423,Paris,The Chainsmokers,电子,234,0,0,0,
sp424,Lean On,Major Lazer,电子,178,0,0,0,
sp425,Lean On,Major Lazer,电子,178,0,0,0,
sp426,Light It Up,Major Lazer,电子,178,0,0,0,
sp427,Cold Water,Major Lazer,电子,189,0,0,0,
sp428,Sandstorm,Darude,电子,234,0,0,0,
sp429,Strobe,deadmau5,电子,609,0,0,0,
sp430,I Remember,deadmau5,电子,489,0,0,0,
sp431,One More Time,Daft Punk,电子,320,0,0,0,
sp432,Get Lucky,Daft Punk,电子,369,0,0,0,
sp433,Around The World,Daft Punk,电子,429,0,0,0,
sp434,Harder Better Faster Stronger,Daft Punk,电子,234,0,0,0,
sp435,Take Over Control,Afrojack,电子,256,0,0,0,
sp436,Sandstorm,Darude,电子,234,0,0,0,
sp437,Heroes,Alesso,电子,212,0,0,0,
sp438,Heroes (We Could Be),Alesso,电子,234,0,0,0,
sp439,Summer,Calvin Harris,电子,234,0,0,0,
sp440,This Is What You Came For,Calvin Harris,电子,234,0,0,0,
sp441,Feel So Close,Calvin Harris,电子,234,0,0,0,
sp442,Tsunami,DVBBS,电子,234,0,0,0,
sp443,飞机场的10:30,陶喆,R&B,329,0,0,0,
sp444,爱很简单,陶喆,R&B,267,0,0,0,
sp445,望春风,陶喆,R&B,329,0,0,0,
sp446,沙滩,陶喆,R&B,289,0,0,0,
sp447,心乱飞,陶喆,R&B,267,0,0,0,
sp448,普通朋友,陶喆,R&B,289,0,0,0,
sp449,I'm OK,陶喆,R&B,329,0,0,0,
sp450,黑色柳丁,陶喆,R&B,289,0,0,0,
sp451,找自己,陶喆,R&B,267,0,0,0,
sp452,就是爱你,陶喆,R&B,289,0,0,0,
sp453,寂寞的季节,陶喆,R&B,267,0,0,0,
sp454,流沙,陶喆,R&B,289,0,0,0,
sp455,天天,陶喆,R&B,278,0,0,0,
sp456,爱我还是他,陶喆,R&B,289,0,0,0,
sp457,春风吹,方大同,R&B,267,0,0,0,
sp458,爱爱爱,方大同,R&B,234,0,0,0,
sp459,每天每天,方大同,R&B,289,0,0,0,
sp460,Love Song,方大同,R&B,256,0,0,0,
sp461,特别的人,方大同,R&B,289,0,0,0,
sp462,三人游,方大同,R&B,329,0,0,0,
sp463,四人游,方大同,R&B,267,0,0,0,
sp464,红豆,方大同,R&B,289,0,0,0,
sp465,味道,方大同,R&B,278,0,0,0,
sp466,如果有来生,方大同,R&B,289,0,0,0,
sp467,南音,方大同,R&B,267,0,0,0,
sp468,三人行,方大同,R&B,289,0,0,0,
sp469,Start From Here,王若琳,R&B,256,0,0,0,
sp470,迷宫,王若琳,R&B,267,0,0,0,
sp471,玫瑰色的你,王若琳,R&B,289,0,0,0,
sp472,我的,法老,嘻哈,278,0,0,0,
sp473,上学威龙,法老,嘻哈,234,0,0,0,
sp474,百变酒精,法老,嘻哈,267,0,0,0,
sp475,生于未来,法老,嘻哈,289,0,0,0,
sp476,退潮,法老,嘻哈,329,0,0,0,
sp477,科幻小说,法老,嘻哈,289,0,0,0,
sp478,不用去猜,Jony J,嘻哈,234,0,0,0,
sp479,So Fresh,Jony J,嘻哈,256,0,0,0,
sp480,奴隶,Jony J,嘻哈,289,0,0,0,
sp481,空空如也,Jony J,嘻哈,267,0,0,0,
sp482,玩家,Jony J,嘻哈,289,0,0,0,
sp483,熟悉,Jony J,嘻哈,256,0,0,0,
sp484,万里长城,GAI,嘻哈,289,0,0,0,
sp485,火锅底料,GAI,嘻哈,212,0,0,0,
sp486,天干物燥,GAI,嘻哈,234,0,0,0,
sp487,重庆魂,GAI,嘻哈,267,0,0,0,
sp488,兰花草,GAI,嘻哈,289,0,0,0,
sp489,光宗耀祖,GAI,嘻哈,289,0,0,0,
sp490,华夏,GAI,嘻哈,329,0,0,0,
sp491,我的新衣,VAVA,嘻哈,234,0,0,0,
sp492,我想和你虚度时光,VAVA,嘻哈,267,0,0,0,
sp493,经济舱,刘聪,嘻哈,234,0,0,0,
sp494,辩护人,杨和苏,嘻哈,289,0,0,0,
sp495,你的男孩,TizzyT,嘻哈,234,0,0,0,
sp496,目不转睛,王以太,嘻哈,267,0,0,0,
sp497,崂山道士,马思唯,嘻哈,234,0,0,0,
sp498,星球坠落,艾热,嘻哈,267,0,0,0,
sp499,乌云中,艾热,嘻哈,289,0,0,0,
sp500,芸芸众生,姜云升,嘻哈,329,0,0,0,
sp501,有谱,艾福杰尼,嘻哈,234,0,0,0,
sp502,成都,谢帝,嘻哈,212,0,0,0,
sp503,Raga Bhairav,Ravi Shankar,世界音乐/民族,1189,0,0,0,
sp504,Pather Panchali Theme,Ravi Shankar,世界音乐/民族,734,0,0,0,
sp505,Lalit,Ravi Shankar,世界音乐/民族,689,0,0,0,
sp506,Tana Mana,Ravi Shankar,世界音乐/民族,489,0,0,0,
sp507,Concerto for Sitar No.1,Ravi Shankar,世界音乐/民族,1298,0,0,0,
sp508,Mishra Khamaj,Zakir Hussain,世界音乐/民族,789,0,0,0,
sp509,West Meets East,Ravi Shankar,世界音乐/民族,689,0,0,0,
sp510,Chants of India,Ravi Shankar,世界音乐/民族,612,0,0,0,
sp511,Bombay Theme,A.R. Rahman,世界音乐/民族,489,0,0,0,
sp512,Jai Ho,A.R. Rahman,世界音乐/民族,329,0,0,0,
sp513,辽阔的草原,蒙古长调,世界音乐/民族,438,0,0,0,
sp514,父亲的草原母亲的河,蒙古长调,世界音乐/民族,438,0,0,0,
sp515,呼伦贝尔大草原,蒙古长调,世界音乐/民族,389,0,0,0,
sp516,鸿雁,蒙古长调,世界音乐/民族,329,0,0,0,
sp517,乌力格尔,蒙古呼麦,世界音乐/民族,289,0,0,0,
sp518,Hsurel Argali,蒙古呼麦,世界音乐/民族,267,0,0,0,
sp519,天路,韩红,世界音乐/民族,289,0,0,0,
sp520,青藏高原,韩红,世界音乐/民族,289,0,0,0,
sp521,北京的金山上,才旦卓玛,世界音乐/民族,267,0,0,0,
sp522,翻身农奴把歌唱,才旦卓玛,世界音乐/民族,289,0,0,0,
sp523,唱支山歌给党听,才旦卓玛,世界音乐/民族,234,0,0,0,
sp524,向往神鹰,亚东,世界音乐/民族,329,0,0,0,
sp525,卓玛,亚东,世界音乐/民族,289,0,0,0,
sp526,洁白的哈达,藏羌组合,世界音乐/民族,267,0,0,0,
sp527,康定溜溜城,藏羌组合,世界音乐/民族,289,0,0,0,
sp528,雅鲁藏布江,西藏民族管弦乐,世界音乐/民族,438,0,0,0,
sp529,扎西德勒,西藏民族管弦乐,世界音乐/民族,329,0,0,0,
sp530,十五的月亮,董文华,世界音乐/民族,267,0,0,0,
sp531,茉莉花,宋祖英,世界音乐/民族,234,0,0,0,
sp532,阿里郎,朝鲜族民歌,世界音乐/民族,289,0,0,0,
sp533,凤阳花鼓,凤阳民歌,世界音乐/民族,189,0,0,0,
sp534,康定情歌,四川民歌,世界音乐/民族,234,0,0,0,
sp535,小河淌水,云南民歌,世界音乐/民族,267,0,0,0,
sp536,走西口,陕西民歌,世界音乐/民族,289,0,0,0,
sp537,蓝蓝的夜蓝蓝的梦,蒙古族歌曲,世界音乐/民族,267,0,0,0,
sp538,敖包相会,蒙古族歌曲,世界音乐/民族,289,0,0,0,
sp539,草原上升起不落的太阳,美丽其格,世界音乐/民族,267,0,0,0,
sp540,北国之春,蒋大为,世界音乐/民族,278,0,0,0,
sp541,在那桃花盛开的地方,蒋大为,世界音乐/民族,289,0,0,0,
sp542,驼铃,吴增华,世界音乐/民族,267,0,0,0,
sp543,大阪城的姑娘,王洛宾,世界音乐/民族,189,0,0,0,
sp544,半个月亮爬上来,王洛宾,世界音乐/民族,234,0,0,0,
sp545,送别,李叔同,世界音乐/民族,267,0,0,0,
sp546,茉莉花,何仿,世界音乐/民族,234,0,0,0,
sp547,摇篮曲,东北民歌,世界音乐/民族,189,0,0,0,
sp548,阿细跳月,彝族民歌,世界音乐/民族,267,0,0,0,
sp549,弦子舞曲,藏族民歌,世界音乐/民族,289,0,0,0,
sp550,神奇的九寨,容中尔甲,世界音乐/民族,289,0,0,0,
sp551,康巴汉子,亚东,世界音乐/民族,329,0,0,0,
sp552,家乡的龙眼树,腾格尔,世界音乐/民族,289,0,0,0,
sp553,天堂,腾格尔,世界音乐/民族,329,0,0,0,
sp554,一生所爱,卢冠廷,影视 OST,289,0,0,0,
sp555,ONLY YOU,罗家英,影视 OST,178,0,0,0,
sp556,未了情,莫文蔚,影视 OST,289,0,0,0,
sp557,杀破狼,JS,影视 OST,267,0,0,0,
sp558,终于明白,动力火车,影视 OST,289,0,0,0,
sp559,六月的雨,胡歌,影视 OST,267,0,0,0,
sp560,逍遥叹,胡歌,影视 OST,278,0,0,0,
sp561,一直很安静,阿桑,影视 OST,289,0,0,0,
sp562,花与剑,JS,影视 OST,267,0,0,0,
sp563,此生不换,青鸟飞鱼,影视 OST,289,0,0,0,
sp564,生生世爱,吴雨霏,影视 OST,267,0,0,0,
sp565,莫失莫忘,麦振鸿,影视 OST,289,0,0,0,
sp566,铁血丹心,罗文,影视 OST,267,0,0,0,
sp567,世间始终你好,罗文,影视 OST,289,0,0,0,
sp568,沧海一声笑,黄霑,影视 OST,278,0,0,0,
sp569,倩女幽魂,张国荣,影视 OST,289,0,0,0,
sp570,菊花台,周杰伦,影视 OST,300,0,0,0,
sp571,美丽的神话,成龙,影视 OST,289,0,0,0,
sp572,知否知否,胡夏,影视 OST,289,0,0,0,
sp573,千年等一回,左宏元,影视 OST,267,0,0,0,
sp574,新鸳鸯蝴蝶梦,黄安,影视 OST,289,0,0,0,
sp575,笑红尘,陈淑桦,影视 OST,278,0,0,0,
sp576,雪山飞狐主题曲,罗文,影视 OST,267,0,0,0,
sp577,难念的经,周华健,影视 OST,289,0,0,0,
sp578,刀剑如梦,周华健,影视 OST,289,0,0,0,
sp579,神话情话,周华健,影视 OST,289,0,0,0,
sp580,追梦人,凤飞飞,影视 OST,267,0,0,0,
sp581,当爱已成往事,林忆莲,影视 OST,289,0,0,0,
sp582,天空之城,久石让,影视 OST,289,0,0,0,
sp583,那个夏天,久石让,影视 OST,289,0,0,0,
sp584,Summer,久石让,影视 OST,196,0,0,0,
sp585,雨,久石让,影视 OST,267,0,0,0,
sp586,花海,久石让,影视 OST,289,0,0,0,
sp587,Yesterday,久石让,影视 OST,267,0,0,0,
sp588,Asian Dream Theme,久石让,影视 OST,289,0,0,0,
sp589,Ponyo,久石让,影视 OST,234,0,0,0,
sp590,Princess Mononoke Theme,久石让,影视 OST,329,0,0,0,
sp591,Merry-Go-Round of Life,久石让,影视 OST,267,0,0,0,
sp592,Time,Hans Zimmer,影视 OST,267,0,0,0,
sp593,Now We Are Free,Hans Zimmer,影视 OST,289,0,0,0,
sp594,Cornfield Chase,Hans Zimmer,影视 OST,189,0,0,0,
sp595,He's a Pirate,Klaus Badelt,影视 OST,178,0,0,0,
sp596,Experience,Ludovico Einaudi,影视 OST,329,0,0,0,
sp597,Nuvole Bianche,Ludovico Einaudi,影视 OST,267,0,0,0,
sp598,Yumeji's Theme,梅林茂,影视 OST,189,0,0,0,
sp599,Shigeru Umebayashi - Yumeji,梅林茂,影视 OST,189,0,0,0,
sp600,Main Theme,Yann Tiersen,影视 OST,189,0,0,0,
sp601,Comptine d'un autre été,Yann Tiersen,影视 OST,143,0,0,0,
sp602,La Valse d'Amélie,Yann Tiersen,影视 OST,189,0,0,0,
sp603,Gravity Main Theme,Steven Price,影视 OST,267,0,0,0,
sp604,Interstellar Main Theme,Hans Zimmer,影视 OST,289,0,0,0,
sp605,Inception Time Theme,Hans Zimmer,影视 OST,267,0,0,0,
sp606,Game of Thrones Theme,Ramin Djawadi,影视 OST,189,0,0,0,
sp607,The Godfather Main Theme,Nino Rota,影视 OST,189,0,0,0,
sp608,Schindler's List Theme,John Williams,影视 OST,267,0,0,0,
sp609,小星星变奏曲,莫扎特,儿童/胎教,267,0,0,0,
sp610,小夜曲,莫扎特,儿童/胎教,267,0,0,0,
sp611,小步舞曲,莫扎特,儿童/胎教,189,0,0,0,
sp612,费加罗的婚礼序曲,莫扎特,儿童/胎教,267,0,0,0,
sp613,G大调弦乐小夜曲,莫扎特,儿童/胎教,329,0,0,0,
sp614,第40号交响曲,莫扎特,儿童/胎教,612,0,0,0,
sp615,土耳其进行曲,莫扎特,儿童/胎教,189,0,0,0,
sp616,第21号钢琴协奏曲,莫扎特,儿童/胎教,489,0,0,0,
sp617,D小调奏鸣曲,莫扎特,儿童/胎教,267,0,0,0,
sp618,致爱丽丝,贝多芬,儿童/胎教,178,0,0,0,
sp619,月光奏鸣曲,贝多芬,儿童/胎教,329,0,0,0,
sp620,田园交响曲,贝多芬,儿童/胎教,689,0,0,0,
sp621,欢乐颂,贝多芬,儿童/胎教,267,0,0,0,
sp622,悲怆奏鸣曲,贝多芬,儿童/胎教,329,0,0,0,
sp623,热情奏鸣曲,贝多芬,儿童/胎教,489,0,0,0,
sp624,摇篮曲,勃拉姆斯,儿童/胎教,189,0,0,0,
sp625,摇篮曲,舒伯特,儿童/胎教,178,0,0,0,
sp626,摇篮曲,贝多芬,儿童/胎教,189,0,0,0,
sp627,夜曲Op9-2,肖邦,儿童/胎教,267,0,0,0,
sp628,G弦上的咏叹调,巴赫,儿童/胎教,329,0,0,0,
sp629,哥德堡变奏曲,巴赫,儿童/胎教,438,0,0,0,
sp630,春之歌,门德尔松,儿童/胎教,178,0,0,0,
sp631,仲夏夜之梦,门德尔松,儿童/胎教,612,0,0,0,
sp632,睡美人圆舞曲,柴可夫斯基,儿童/胎教,267,0,0,0,
sp633,胡桃夹子,柴可夫斯基,儿童/胎教,612,0,0,0,
sp634,动物狂欢节天鹅,圣桑,儿童/胎教,178,0,0,0,
sp635,爱之梦,李斯特,儿童/胎教,267,0,0,0,
sp636,小星星,儿歌,儿童/胎教,89,0,0,0,
sp637,两只老虎,儿歌,儿童/胎教,89,0,0,0,
sp638,小兔子乖乖,儿歌,儿童/胎教,89,0,0,0,
sp639,我是一个粉刷匠,儿歌,儿童/胎教,89,0,0,0,
sp640,数鸭子,儿歌,儿童/胎教,89,0,0,0,
sp641,拔萝卜,儿歌,儿童/胎教,89,0,0,0,
sp642,上学歌,儿歌,儿童/胎教,89,0,0,0,
sp643,幸福拍手歌,儿歌,儿童/胎教,89,0,0,0,
sp644,蜗牛和黄鹂鸟,儿歌,儿童/胎教,89,0,0,0,
sp645,春天在哪里,儿歌,儿童/胎教,89,0,0,0,
sp646,小毛驴,儿歌,儿童/胎教,89,0,0,0,
sp647,摇呀摇宝贝,儿歌,儿童/胎教,89,0,0,0,
sp648,小猫儿不要叫,儿歌,儿童/胎教,89,0,0,0,
sp649,Twinkle Twinkle Little Star,英文儿歌,儿童/胎教,89,0,0,0,
sp650,Mary Had a Little Lamb,英文儿歌,儿童/胎教,89,0,0,0,
sp651,London Bridge is Falling Down,英文儿歌,儿童/胎教,89,0,0,0,
sp652,Happy Birthday to You,英文儿歌,儿童/胎教,89,0,0,0,
sp653,Old MacDonald,英文儿歌,儿童/胎教,89,0,0,0,
sp654,Silent Night,圣诞经典,圣诞/节日,212,0,0,0,
sp655,Jingle Bells,圣诞经典,圣诞/节日,178,0,0,0,
sp656,White Christmas,Bing Crosby,圣诞/节日,189,0,0,0,
sp657,We Wish You a Merry Christmas,圣诞经典,圣诞/节日,143,0,0,0,
sp658,O Holy Night,圣诞经典,圣诞/节日,267,0,0,0,
sp659,Joy to the World,圣诞经典,圣诞/节日,178,0,0,0,
sp660,Deck the Halls,圣诞经典,圣诞/节日,143,0,0,0,
sp661,Let It Snow,圣诞经典,圣诞/节日,178,0,0,0,
sp662,All I Want for Christmas Is You,Mariah Carey,圣诞/节日,234,0,0,0,
sp663,Last Christmas,Wham!,圣诞/节日,267,0,0,0,
sp664,Rudolph the Red-Nosed Reindeer,圣诞经典,圣诞/节日,189,0,0,0,
sp665,Frosty the Snowman,圣诞经典,圣诞/节日,178,0,0,0,
sp666,O Come All Ye Faithful,圣诞经典,圣诞/节日,212,0,0,0,
sp667,Hark! The Herald Angels Sing,圣诞经典,圣诞/节日,189,0,0,0,
sp668,Winter Wonderland,圣诞经典,圣诞/节日,189,0,0,0,
sp669,Away in a Manger,圣诞经典,圣诞/节日,178,0,0,0,
sp670,Have Yourself a Merry Little Christmas,圣诞经典,圣诞/节日,189,0,0,0,
sp671,It's the Most Wonderful Time of the Year,圣诞经典,圣诞/节日,178,0,0,0,
sp672,Rockin' Around the Christmas Tree,圣诞经典,圣诞/节日,143,0,0,0,
sp673,Little Drummer Boy,圣诞经典,圣诞/节日,189,0,0,0,
sp674,Feliz Navidad,Jose Feliciano,圣诞/节日,189,0,0,0,
sp675,Santa Claus Is Comin' to Town,圣诞经典,圣诞/节日,178,0,0,0,
sp676,恭喜发财,刘德华,圣诞/节日,203,0,0,0,
sp677,恭喜恭喜,中国娃娃,圣诞/节日,189,0,0,0,
sp678,财神到,许冠杰,圣诞/节日,234,0,0,0,
sp679,难忘今宵,李谷一,圣诞/节日,267,0,0,0,
sp680,常回家看看,陈红,圣诞/节日,267,0,0,0,
sp681,好运来,祖海,圣诞/节日,234,0,0,0,
sp682,好日子,宋祖英,圣诞/节日,234,0,0,0,
sp683,开门红,火风,圣诞/节日,212,0,0,0,
sp684,甜蜜蜜,邓丽君,怀旧金曲 80-00,212,0,0,0,
sp685,月亮代表我的心,邓丽君,怀旧金曲 80-00,189,0,0,0,
sp686,小城故事,邓丽君,怀旧金曲 80-00,212,0,0,0,
sp687,我只在乎你,邓丽君,怀旧金曲 80-00,278,0,0,0,
sp688,漫步人生路,邓丽君,怀旧金曲 80-00,267,0,0,0,
sp689,何日君再来,邓丽君,怀旧金曲 80-00,234,0,0,0,
sp690,风继续吹,张国荣,怀旧金曲 80-00,256,0,0,0,
sp691,Monica,张国荣,怀旧金曲 80-00,234,0,0,0,
sp692,倩女幽魂,张国荣,怀旧金曲 80-00,289,0,0,0,
sp693,霸王别姬,张国荣,怀旧金曲 80-00,289,0,0,0,
sp694,当爱已成往事,张国荣,怀旧金曲 80-00,289,0,0,0,
sp695,童年,罗大佑,怀旧金曲 80-00,234,0,0,0,
sp696,光阴的故事,罗大佑,怀旧金曲 80-00,289,0,0,0,
sp697,恋曲1990,罗大佑,怀旧金曲 80-00,278,0,0,0,
sp698,野百合也有春天,罗大佑,怀旧金曲 80-00,267,0,0,0,
sp699,之乎者也,罗大佑,怀旧金曲 80-00,289,0,0,0,
sp700,爱的代价,李宗盛,怀旧金曲 80-00,289,0,0,0,
sp701,山丘,李宗盛,怀旧金曲 80-00,329,0,0,0,
sp702,凡人歌,李宗盛,怀旧金曲 80-00,289,0,0,0,
sp703,鬼迷心窍,李宗盛,怀旧金曲 80-00,289,0,0,0,
sp704,漂洋过海来看你,李宗盛,怀旧金曲 80-00,278,0,0,0,
sp705,大约在冬季,齐秦,怀旧金曲 80-00,267,0,0,0,
sp706,狼,齐秦,怀旧金曲 80-00,289,0,0,0,
sp707,外面的世界,齐秦,怀旧金曲 80-00,267,0,0,0,
sp708,夜夜夜夜,齐秦,怀旧金曲 80-00,289,0,0,0,
sp709,橄榄树,齐豫,怀旧金曲 80-00,212,0,0,0,
sp710,一剪梅,费玉清,怀旧金曲 80-00,212,0,0,0,
sp711,梦驼铃,费玉清,怀旧金曲 80-00,267,0,0,0,
sp712,晚安曲,费玉清,怀旧金曲 80-00,234,0,0,0,
sp713,朋友,周华健,怀旧金曲 80-00,234,0,0,0,
sp714,花心,周华健,怀旧金曲 80-00,267,0,0,0,
sp715,让我欢喜让我忧,周华健,怀旧金曲 80-00,289,0,0,0,
sp716,风雨无阻,周华健,怀旧金曲 80-00,267,0,0,0,
sp717,孤枕难眠,周华健,怀旧金曲 80-00,278,0,0,0,
sp718,红豆,王菲,怀旧金曲 80-00,267,0,0,0,
sp719,匆匆那年,王菲,怀旧金曲 80-00,278,0,0,0,
sp720,容易受伤的女人,王菲,怀旧金曲 80-00,289,0,0,0,
sp721,约定,王菲,怀旧金曲 80-00,267,0,0,0,
sp722,我愿意,王菲,怀旧金曲 80-00,278,0,0,0,
sp723,但愿人长久,王菲,怀旧金曲 80-00,267,0,0,0,
sp724,笑傲江湖,黄霑,怀旧金曲 80-00,267,0,0,0,
sp725,男儿当自强,黄霑,怀旧金曲 80-00,289,0,0,0,
sp726,我的中国心,张明敏,怀旧金曲 80-00,234,0,0,0,
sp727,上海滩,叶丽仪,怀旧金曲 80-00,267,0,0,0,
sp728,万里长城永不倒,叶振棠,怀旧金曲 80-00,267,0,0,0,
sp729,酒干倘卖无,苏芮,怀旧金曲 80-00,267,0,0,0,
sp730,恰似你的温柔,蔡琴,怀旧金曲 80-00,289,0,0,0,
sp731,你的眼神,蔡琴,怀旧金曲 80-00,289,0,0,0,
sp732,大海,张雨生,怀旧金曲 80-00,289,0,0,0,
sp733,一天一天,张雨生,怀旧金曲 80-00,267,0,0,0,
sp734,一千零一个愿望,4 in Love,怀旧金曲 80-00,234,0,0,0,
sp735,辣妹子,宋祖英,怀旧金曲 80-00,212,0,0,0,
sp736,青藏高原,李娜,怀旧金曲 80-00,289,0,0,0,
sp737,十五的月亮,董文华,怀旧金曲 80-00,267,0,0,0,
sp738,牡丹之歌,蒋大为,怀旧金曲 80-00,267,0,0,0,
sp739,驼铃,吴增华,怀旧金曲 80-00,267,0,0,0,
sp740,弹起我心爱的土琵琶,民歌,怀旧金曲 80-00,189,0,0,0,
sp741,我和我的祖国,李谷一,怀旧金曲 80-00,234,0,0,0,
sp742,歌唱祖国,王莘,怀旧金曲 80-00,234,0,0,0,
sp743,难忘今宵,李谷一,怀旧金曲 80-00,267,0,0,0,
sp744,走进新时代,张也,怀旧金曲 80-00,267,0,0,0,
sp745,长江之歌,季小琴,怀旧金曲 80-00,234,0,0,0,
sp746,北国之春,蒋大为,怀旧金曲 80-00,278,0,0,0,
sp747,故乡的云,费翔,怀旧金曲 80-00,289,0,0,0,
sp748,冬天里的一把火,费翔,怀旧金曲 80-00,234,0,0,0,
sp749,一场游戏一场梦,王杰,怀旧金曲 80-00,289,0,0,0,
sp750,忘了你忘了我,王杰,怀旧金曲 80-00,267,0,0,0,
sp751,英雄泪,王杰,怀旧金曲 80-00,289,0,0,0,
sp752,是否,苏芮,怀旧金曲 80-00,278,0,0,0,
sp753,一样的月光,苏芮,怀旧金曲 80-00,289,0,0,0,
sp754,跟着感觉走,苏芮,怀旧金曲 80-00,267,0,0,0,
sp755,你的眼神,蔡琴,怀旧金曲 80-00,289,0,0,0,
sp756,被遗忘的时光,蔡琴,怀旧金曲 80-00,267,0,0,0,
sp757,抉择,蔡琴,怀旧金曲 80-00,289,0,0,0,
sp758,你的眼睛,蔡琴,怀旧金曲 80-00,278,0,0,0,
sp759,我想有个家,潘美辰,怀旧金曲 80-00,289,0,0,0,
sp760,过火,张信哲,怀旧金曲 80-00,289,0,0,0,
sp761,爱如潮水,张信哲,怀旧金曲 80-00,289,0,0,0,
sp762,信仰,张信哲,怀旧金曲 80-00,267,0,0,0,
sp763,白月光,张信哲,怀旧金曲 80-00,278,0,0,0,
sp764,太想爱你,张信哲,怀旧金曲 80-00,289,0,0,0,
sp765,别怕我伤心,张信哲,怀旧金曲 80-00,289,0,0,0,
sp766,有一点动心,张信哲,怀旧金曲 80-00,267,0,0,0,
sp767,讲不出再见,谭咏麟,怀旧金曲 80-00,289,0,0,0,
sp768,爱在深秋,谭咏麟,怀旧金曲 80-00,267,0,0,0,
sp769,水中花,谭咏麟,怀旧金曲 80-00,289,0,0,0,
sp770,朋友,谭咏麟,怀旧金曲 80-00,278,0,0,0,
sp771,一生中最爱,谭咏麟,怀旧金曲 80-00,289,0,0,0,
sp772,半梦半醒,谭咏麟,怀旧金曲 80-00,267,0,0,0,
sp773,一生何求,陈百强,怀旧金曲 80-00,289,0,0,0,
sp774,偏偏喜欢你,陈百强,怀旧金曲 80-00,278,0,0,0,
sp775,今宵多珍重,陈百强,怀旧金曲 80-00,267,0,0,0,
sp776,烟雨凄迷,陈百强,怀旧金曲 80-00,289,0,0,0,
sp777,忘记他,陈百强,怀旧金曲 80-00,278,0,0,0,
sp778,千千阙歌,陈慧娴,怀旧金曲 80-00,289,0,0,0,
sp779,飘雪,陈慧娴,怀旧金曲 80-00,267,0,0,0,
sp780,归来吧,陈慧娴,怀旧金曲 80-00,289,0,0,0,
sp781,人生何处不相逢,陈慧娴,怀旧金曲 80-00,278,0,0,0,
sp782,红茶馆,陈慧娴,怀旧金曲 80-00,267,0,0,0,
sp783,笑红尘,陈淑桦,怀旧金曲 80-00,278,0,0,0,
sp784,梦醒时分,陈淑桦,怀旧金曲 80-00,289,0,0,0,
sp785,明明白白我的心,陈淑桦,怀旧金曲 80-00,267,0,0,0,
sp786,跟你说听你说,陈淑桦,怀旧金曲 80-00,289,0,0,0,
sp787,忘情森巴舞,草蜢,怀旧金曲 80-00,267,0,0,0,
sp788,失恋阵线联盟,草蜢,怀旧金曲 80-00,234,0,0,0,
sp789,宝贝对不起,草蜢,怀旧金曲 80-00,234,0,0,0,
sp790,对面的女孩看过来,任贤齐,怀旧金曲 80-00,234,0,0,0,
sp791,心太软,任贤齐,怀旧金曲 80-00,289,0,0,0,
sp792,伤心太平洋,任贤齐,怀旧金曲 80-00,267,0,0,0,
sp793,天涯,任贤齐,怀旧金曲 80-00,289,0,0,0,
sp794,我是一只鱼,任贤齐,怀旧金曲 80-00,278,0,0,0,
sp795,浪花一朵朵,任贤齐,怀旧金曲 80-00,234,0,0,0,
sp796,水手,郑智化,怀旧金曲 80-00,267,0,0,0,
sp797,星星点灯,郑智化,怀旧金曲 80-00,289,0,0,0,
sp798,你的眼睛,郑智化,怀旧金曲 80-00,267,0,0,0,
sp799,你的样子,罗大佑,怀旧金曲 80-00,289,0,0,0,
sp800,是否,罗大佑,怀旧金曲 80-00,278,0,0,0,
sp801,穿过你的黑发的我的手,罗大佑,怀旧金曲 80-00,289,0,0,0,
sp802,滚滚红尘,陈淑桦,怀旧金曲 80-00,289,0,0,0,
sp803,新长征路上的摇滚,崔健,怀旧金曲 80-00,438,0,0,0,
sp804,一无所有,崔健,怀旧金曲 80-00,323,0,0,0,
sp805,青苹果乐园,小虎队,怀旧金曲 80-00,234,0,0,0,
sp806,爱,小虎队,怀旧金曲 80-00,267,0,0,0,
sp807,蝴蝶飞呀,小虎队,怀旧金曲 80-00,234,0,0,0,
sp808,逍遥游,小虎队,怀旧金曲 80-00,267,0,0,0,
sp809,红蜻蜓,小虎队,怀旧金曲 80-00,289,0,0,0,
sp810,新年快乐,小虎队,怀旧金曲 80-00,234,0,0,0,
sp811,我很丑可是我很温柔,赵传,怀旧金曲 80-00,289,0,0,0,
sp812,我终于失去了你,赵传,怀旧金曲 80-00,278,0,0,0,
sp813,我是一只小小鸟,赵传,怀旧金曲 80-00,289,0,0,0,
sp814,爱我别走,张震岳,怀旧金曲 80-00,267,0,0,0,
sp815,再见,张震岳,怀旧金曲 80-00,234,0,0,0,
sp816,爱的初体验,张震岳,怀旧金曲 80-00,256,0,0,0,
sp817,思念是一种病,张震岳,怀旧金曲 80-00,289,0,0,0,
sp818,最近比较烦,周华健,怀旧金曲 80-00,289,0,0,0,
sp819,鬼迷心窍,李宗盛,怀旧金曲 80-00,289,0,0,0,
sp820,十年,陈奕迅,怀旧金曲 80-00,205,0,0,0,
sp821,K歌之王,陈奕迅,怀旧金曲 80-00,278,0,0,0,
sp822,孤勇者,陈奕迅,怀旧金曲 80-00,287,0,0,0,
sp823,追梦人,凤飞飞,怀旧金曲 80-00,267,0,0,0,
sp824,我是一片云,凤飞飞,怀旧金曲 80-00,234,0,0,0,
sp825,掌声响起,凤飞飞,怀旧金曲 80-00,267,0,0,0,
sp826,当,动力火车,怀旧金曲 80-00,289,0,0,0,
sp827,背叛情歌,动力火车,怀旧金曲 80-00,289,0,0,0,
sp828,忠孝东路走九遍,动力火车,怀旧金曲 80-00,267,0,0,0,
sp829,明天的明天的明天,动力火车,怀旧金曲 80-00,289,0,0,0,
sp830,我愿意,王菲,怀旧金曲 80-00,278,0,0,0,
sp831,催眠,王菲,怀旧金曲 80-00,289,0,0,0,
sp832,流年,王菲,怀旧金曲 80-00,278,0,0,0,
sp833,执迷不悔,王菲,怀旧金曲 80-00,267,0,0,0,
sp834,棋子,王菲,怀旧金曲 80-00,267,0,0,0,
sp835,闷,王菲,怀旧金曲 80-00,289,0,0,0,
sp836,矜持,王菲,怀旧金曲 80-00,267,0,0,0,
sp837,给自己的情书,王菲,怀旧金曲 80-00,289,0,0,0,
sp838,传奇,王菲,怀旧金曲 80-00,278,0,0,0,
sp839,人间,王菲,怀旧金曲 80-00,289,0,0,0,
sp840,寓言,王菲,怀旧金曲 80-00,267,0,0,0,
