歌名,歌手,标签
夜的尽头,G.E.M.邓紫棋,华语
大鱼,周深,ACG神曲
爱不会绝迹,林俊杰,ACG神曲
HandClap,Fitz and The Tantrums,ACG神曲
明月天涯,五音Jw,ACG神曲
月光,胡彦斌,ACG神曲
梦的光点,王心凌,ACG神曲
極楽浄土,GARNiDELiA,ACG神曲
勇敢的心,汪峰,ACG神曲
樱花树下的约定(咚鼓版),康乐、名决,ACG神曲
Try Everything,Shakira,ACG神曲
月光の雲海,久石让,ACG神曲
夢灯籠,RADWIMPS,ACG神曲
僕が死のうと思ったのは,中島美嘉,ACG神曲
花火が瞬く夜に,羽肿,ACG神曲
"Immortals(From ""Big Hero 6""/Soundtrack)",Fall Out Boy,ACG神曲
江湖,许嵩,ACG神曲
鹿 be free,尚雯婕,ACG神曲
いつも何度でも,奥戸巴寿,ACG神曲
打上花火,米津玄師,ACG神曲
从别后,流浪的蛙蛙,ACG神曲
何以歌,Aki阿杰,ACG神曲
斗罗大陆,萧敬腾,ACG神曲
前前前世(Movie ver.),RADWIMPS,ACG神曲
なんでもないや(Movie ver.),RADWIMPS,ACG神曲
ヤキモチ,高橋優,ACG神曲
五月雨,高梨康治、刃-yaiba-,ACG神曲
青春之火(火力少年王主题曲2006版),潘松和,ACG神曲
永远同在,贵族乐团,ACG神曲
PLANET,黑崎子,ACG神曲
三葉のテーマ,RADWIMPS,ACG神曲
彼女は旅に出る,鎖那,ACG神曲
Do The Fight,三畿道,ACG神曲
Call of Silence,澤野弘之,ACG神曲
春雷,米津玄師,ACG神曲
凹凸世界,双笙 (陈元汐),ACG神曲
若当来世,马里奥、冥月,ACG神曲
Sunshine Girl,moumoon,ACG神曲
"Over ""Quartzer""",末吉秀太、ISSA,ACG神曲
カタオモイ,Aimer,ACG神曲
采茶纪,双笙 (陈元汐),ACG神曲
スパークル(Movie ver.),RADWIMPS,ACG神曲
缘起(前世今生版),周深,ACG神曲
Mother,久石让,ACG神曲
龙猫,贵族乐团,ACG神曲
在这个世界相遇,陈奕迅,ACG神曲
Fly Me To The Moon,小野リサ,ACG神曲
忘羡,吾恩、朱强,ACG神曲
願い〜あの頃のキミへ〜,當山みれい,ACG神曲
恋愛サーキュレーション,物語シリーズ,ACG神曲
Be The One,PANDORA、Beverly,ACG神曲
ninelie,Aimer、Chelly,ACG神曲
神经病之歌,洛天依、言和,ACG神曲
不羡,SING女团,ACG神曲
Digital World,Amaranthe,ACG神曲
ウルトラマンギンガの歌,ボイジャー (voyager)、千紗、マリア春菜、竹内浩明、根岸拓哉、宮武美桜、大野瑞生、雲母、草川拓弥,ACG神曲
人间白首,呦猫UNEKO,ACG神曲
不愿回头,南征北战NZBZ,ACG神曲
Welcome to Planet Urf 欢迎来到海牛星,英雄联盟,ACG神曲
孤勇者,陈奕迅,ACG神曲
青涩的时光,三班王强,ACG神曲
相思引——返璞归贞版,董真,ACG神曲
エウテルペ,EGOIST,ACG神曲
晚安喵,艾索,ACG神曲
青い果実,doa,ACG神曲
闪耀,南征北战NZBZ,ACG神曲
昨日的未来,韦伯恩,ACG神曲
Dearest,浜崎あゆみ,ACG神曲
英雄,doa,ACG神曲
快乐星猫,牛奶咖啡,ACG神曲
人美路子野,音阙诗听、王梓钰,ACG神曲
Rain,秦基博,ACG神曲
福气拱拱来,孟美岐、吴宣仪、段奥娟、赖美云,ACG神曲
看得见海的小镇,贵族乐团,ACG神曲
aLIEz,SawanoHiroyuki[nZk]、mizuki,ACG神曲
不羡明月知,封茗囧菌,ACG神曲
Prisoner Of Love(Remastered 2018),宇多田ヒカル,ACG神曲
orion,米津玄師,ACG神曲
离兮,阿兰,ACG神曲
Beautiful World,宇多田ヒカル,ACG神曲
生きていたんだよな,あいみょん,ACG神曲
ツナ覚醒,佐橋俊彦,ACG神曲
梦太晚,董真,ACG神曲
少年歌行,张赫煊,ACG神曲
桃源恋歌,GARNiDELiA,ACG神曲
英雄の詩,THE ALFEE,ACG神曲
Merry-Go-Round of Life,久石让,ACG神曲
只要有想见的人，就不是孤身一人,王源,ACG神曲
铃舟,匀子,ACG神曲
生き続ける命,西村由紀江,ACG神曲
湫兮如风,徐佳莹,ACG神曲
"爱YOU READY , 爱我READY",孔一蝉,ACG神曲
We Don't Talk Anymore(Mr. Collipark Remix),Charlie Puth、Selena Gomez,熬夜修仙
Wake(Studio),Hillsong Young 、 Free,熬夜修仙
Normal No More(Explicit),TYSM,熬夜修仙
Higher,Tobu,熬夜修仙
Dream It Possible,Delacey,熬夜修仙
That Girl,Olly Murs,熬夜修仙
Walk Thru Fire,Vicetone、Meron Ryan,熬夜修仙
Attention,Charlie Puth,熬夜修仙
Faded,Alan Walker,熬夜修仙
Nevada,Vicetone、Cozi Zuehlsdorff,熬夜修仙
Beat It,Michael Jackson,熬夜修仙
So Far Away,Martin Garrix/David Guetta/Jamie Scott/Romy Dya,熬夜修仙
Run Free(Original Mix),Deep Chills、IVIE,熬夜修仙
See You Again (feat. Charlie Puth),Wiz Khalifa、Charlie Puth,熬夜修仙
Good Time,Owl City、Carly Rae Jepsen,熬夜修仙
Creepin' up on You,Darren Hayes,熬夜修仙
Shape of You,Ed Sheeran,熬夜修仙
Shots(Broiler Remix),Imagine Dragons、Broiler,熬夜修仙
The Promise,Secret Garden,熬夜修仙
Wrap Me In Plastic,CHROMANCE,熬夜修仙
Power (In Your Soul),Interupt、Luna LePage,熬夜修仙
Once upon a Time,Max Oazo、Moonessa,熬夜修仙
Sold Out,Hawk Nelson、Jonathan Steingard,熬夜修仙
Unstoppable,Sia,熬夜修仙
Way Back,Vicetone、Cozi Zuehlsdorff,熬夜修仙
Poker Face,Lady Gaga,熬夜修仙
Please Don't Go,Joel Adams,熬夜修仙
There For You,Martin Garrix、Troye Sivan,熬夜修仙
Play,K-391、Alan Walker、Tungevaag、Mangoo,熬夜修仙
Rolling in the Deep(Explicit),Adele,熬夜修仙
Welcome To New York,Taylor Swift,熬夜修仙
Something Just Like This,The Chainsmokers、Coldplay,熬夜修仙
Where Is Your Love,J. Lisk,熬夜修仙
Wild,Monogem,熬夜修仙
Fire,Gavin DeGraw,熬夜修仙
Animals,Maroon 5,熬夜修仙
Meant To Be,Arc North、Krista Marina,熬夜修仙
Trip(Original Mix),Axero,熬夜修仙
"Psycho, Pt. 2(Pt. 2|Explicit)",Russ,熬夜修仙
Superstar,Mandee、Maria Mathea,熬夜修仙
Catch My Breath,Kelly Clarkson,熬夜修仙
Reality,Lost Frequencies、Janieck,熬夜修仙
Why Would I Ever,Paula DeAnda,熬夜修仙
"Immortals(From ""Big Hero 6""/Soundtrack)",Fall Out Boy,熬夜修仙
East of Eden,Zella Day,熬夜修仙
The Spectre,Alan Walker,熬夜修仙
Fractures,ILLENIUM、Nevve,熬夜修仙
Be What You Wanna Be,Darin,熬夜修仙
Clear(Shawn Wasabi Remix),Pusher、Mothica、Shawn Wasabi,熬夜修仙
What Makes You Beautiful,One Direction,熬夜修仙
Diamonds(Album Version),Rihanna,熬夜修仙
Closer,The Chainsmokers、Halsey,熬夜修仙
Sakura Tears,Snigellin,熬夜修仙
Come Back For You,Elephante、Matluck,熬夜修仙
Dancing With Your Ghost,Sasha Alex Sloan,熬夜修仙
Move Your Body(Alan Walker Remix),Sia,熬夜修仙
Rather Be,Clean Bandit、Jess Glynne,熬夜修仙
Star Sky,Two Steps From Hell、Thomas Bergersen,熬夜修仙
Move Up (Lost Gravity),Mr. Polska,熬夜修仙
Life Goes On,Oliver Tree,熬夜修仙
Call Me Maybe,Carly Rae Jepsen,熬夜修仙
Victory,Two Steps From Hell、Thomas Bergersen,熬夜修仙
Breathe,kenzie,熬夜修仙
Stronger (What Doesn't Kill You),Kelly Clarkson,熬夜修仙
Salt,Ava Max,熬夜修仙
Shivers,Rachel Platten,熬夜修仙
Alone,Alan Walker,熬夜修仙
Galway Girl,Ed Sheeran,熬夜修仙
Dancin(Krono Remix),Aaron Smith、Luvli,熬夜修仙
Waiting for Love,Avicii,熬夜修仙
On My Way(Explicit),Alan Walker、Sabrina Carpenter、Farruko,熬夜修仙
By Your Side,Jonas Blue、RAYE,熬夜修仙
Maps,Maroon 5、Big Sean,熬夜修仙
Gimme More,Britney Spears,熬夜修仙
My Love,Westlife,熬夜修仙
As Long As You Love Me,Justin Bieber、Big Sean,熬夜修仙
Star Unkind(Lanfranchi & Farina Remix),2Someone,熬夜修仙
Love Me Like You Do,Ellie Goulding,熬夜修仙
Hello,OMFG,熬夜修仙
Uptown Funk(Explicit),Mark Ronson、Bruno Mars,熬夜修仙
Mine(Illenium Remix),ILLENIUM、Phoebe Ryan,熬夜修仙
Burning,Maria Arredondo,熬夜修仙
Lone Ranger,Rachel Platten,熬夜修仙
Astronomia,Vicetone、Tony Igy,熬夜修仙
A Thousand Miles,Josh Vietti,熬夜修仙
Children of the Dark (2021),Mono Inc.、Martin Engler,熬夜修仙
Oops,Little Mix、Charlie Puth,熬夜修仙
Rise - Epic Music,John Dreamer,熬夜修仙
Hero,Cash Cash、Christina Perri,熬夜修仙
Love Me Harder,Ariana Grande、The Weeknd,熬夜修仙
Cheap Thrills,Sia,熬夜修仙
拉个勾说永远爱我,苏天伦,熬夜修仙
Ferrari,Bebe Rexha,熬夜修仙
Pacific Rim (feat. Tom Morello),Ramin Djawadi、Tom Morello,熬夜修仙
Ignite,K-391、Alan Walker、Julie Bergan、승리,熬夜修仙
Worth It,Fifth Harmony、Kid Ink,熬夜修仙
Wolves,Selena Gomez、Marshmello,熬夜修仙
GQ,Lola Coca,熬夜修仙
Tonight (Best You Ever Had),John Legend、Ludacris,熬夜修仙
晴天,周杰伦,巴士随身听
青花瓷,周杰伦,巴士随身听
小半,陈粒,巴士随身听
红色高跟鞋,蔡健雅,巴士随身听
稻香,周杰伦,巴士随身听
告白气球,周杰伦,巴士随身听
我不难过,孙燕姿,巴士随身听
情歌,梁静茹,巴士随身听
海阔天空,BEYOND,巴士随身听
七里香,周杰伦,巴士随身听
演员,薛之谦,巴士随身听
江南,林俊杰,巴士随身听
心墙,郭静,巴士随身听
我怀念的,孙燕姿,巴士随身听
虚拟,陈粒,巴士随身听
奢香夫人,凤凰传奇,古风
烟花易冷,周杰伦,巴士随身听
发如雪,周杰伦,巴士随身听
特别的人,方大同,巴士随身听
半壶纱,刘珂矣,巴士随身听
黄昏,周传雄,巴士随身听
春娇与志明,街道办GDC、欧阳耀莹,巴士随身听
不遗憾,李荣浩,巴士随身听
老男孩,筷子兄弟,巴士随身听
夜曲,周杰伦,巴士随身听
琵琶行,奇然、沈谧仁,巴士随身听
哪里都是你,队长,巴士随身听
出现又离开(Live),梁博,巴士随身听
光年之外,G.E.M.邓紫棋,巴士随身听
偏爱,张芸京,巴士随身听
牵丝戏,银临、Aki阿杰,巴士随身听
安和桥,宋冬野,巴士随身听
简单爱,周杰伦,巴士随身听
世界这么大还是遇见你,程响,巴士随身听
十年,陈奕迅,巴士随身听
泡沫,G.E.M.邓紫棋,巴士随身听
半岛铁盒,周杰伦,巴士随身听
西海情歌,刀郎,巴士随身听
天外来物,薛之谦,巴士随身听
心如止水,Ice Paper,巴士随身听
开始懂了,孙燕姿,巴士随身听
倒数,G.E.M.邓紫棋,巴士随身听
侧脸,于果,巴士随身听
给我一首歌的时间,周杰伦,巴士随身听
真的爱你,BEYOND,巴士随身听
有何不可,许嵩,巴士随身听
不将就,李荣浩,巴士随身听
无人之岛,任然,巴士随身听
听妈妈的话,周杰伦,巴士随身听
失控,井迪儿,巴士随身听
千千阕歌,陈慧娴,巴士随身听
如果可以,韦礼安,巴士随身听
世界上的另一个我,阿肆、郭采洁,巴士随身听
情人,蔡徐坤,巴士随身听
清空,王忻辰、苏星婕,巴士随身听
去年夏天,王大毛,巴士随身听
水手,郑智化,巴士随身听
我记得,赵雷,巴士随身听
修炼爱情,林俊杰,巴士随身听
句号,G.E.M.邓紫棋,巴士随身听
遇见,孙燕姿,巴士随身听
偏偏喜欢你,陈百强,巴士随身听
你要的全拿走,胡彦斌,巴士随身听
等你下课(with 杨瑞代),周杰伦,巴士随身听
龙卷风,周杰伦,巴士随身听
那些你很冒险的梦,林俊杰,巴士随身听
爱情转移,陈奕迅,巴士随身听
年少有为,李荣浩,巴士随身听
体面,于文文,巴士随身听
不潮不用花钱,林俊杰,巴士随身听
曾经的你,许巍,巴士随身听
天若有情,A-Lin,巴士随身听
淘汰,陈奕迅,巴士随身听
如果爱忘了(Live),汪苏泷、单依纯,巴士随身听
曹操,林俊杰,巴士随身听
咏春,七朵组合,古风
一直很安静,阿桑,巴士随身听
大眠,王心凌,巴士随身听
像我这样的人(Live),毛不易,巴士随身听
爱我还是他,陶喆,巴士随身听
半生雪,七叔（叶泽浩）,古风
追光者,岑宁儿,巴士随身听
平凡之路,朴树,巴士随身听
像风一样,薛之谦,巴士随身听
胡广生,任素汐,巴士随身听
鼓楼,赵雷,巴士随身听
我们的时光,赵雷,巴士随身听
来自天堂的魔鬼,G.E.M.邓紫棋,巴士随身听
吻别,张学友,巴士随身听
茫,李润祺,巴士随身听
游山恋,海伦,巴士随身听
Lonely,NANA,欧美
凉凉,杨宗纬、张碧晨,巴士随身听
叹云兮,鞠婧祎,巴士随身听
踏山河,七叔（叶泽浩）,巴士随身听
麻雀,李荣浩,巴士随身听
半壶纱,刘珂矣,古风
琵琶曲,郑浩、冰洁,古风
红尘误此生,宋晓峰,古风
落了白,蒋雪儿Snow.J,古风
天下,张杰,古风
大梦归,周深,古风
如果当时,许嵩,古风
虞兮叹,闻人听書_,古风
桃花诺,G.E.M.邓紫棋,古风
探故知,浅影阿、汐音社,古风
沈园外,阿YueYue、戾格、小田音乐社,古风
下完这场雨,后弦,古风
辞九门回忆,邓寓君(等什么君),古风
相思遥,魏玉慧,古风
兰亭序,周杰伦,古风
牡丹亭,浅影阿,古风
红尘客栈,周杰伦,古风
难却,平生不晚,古风
牵丝戏,银临、Aki阿杰,古风
逍遥叹,胡歌,古风
游山恋,海伦,古风
莫问归期,蒋雪儿Snow.J,古风
荒,郑鱼,古风
春庭雪,邓寓君(等什么君),古风
若此生缘太浅（庄周一生梦一蝶）,黄静美、亦瑶,古风
断桥残雪,许嵩,古风
烟花易冷,周杰伦,古风
叹云兮,鞠婧祎,古风
天龙八部之宿敌,许嵩,古风
万疆,李玉刚,古风
一程山路,毛不易,古风
发如雪,周杰伦,古风
三国恋,Tank,古风
主角,王菲,古风
尘念,桑耶,古风
庙堂之外,陈楚生,古风
岸边客,夏子航（2603）,古风
三生三世,张杰,古风
关山酒,邓寓君(等什么君),古风
逍遥仙,筷子兄弟,古风
刀剑如梦,周华健,古风
盗墓笔记·十年人间,李常超（Lao乾妈）,古风
天若有情,A-Lin,古风
踏山河,七叔（叶泽浩）,古风
鸳鸯戏,邓寓君(等什么君),古风
缘分一道桥,王力宏、谭维维,古风
年轮,张碧晨,古风
此去半生,L（桃籽）,古风
九张机,叶炫清,古风
黄梅戏,慕容晓晓,古风
想喝李白的酒(江湖版),超哥,古风
说书人,小沈阳,古风
壁上观,一棵小葱、张曦匀,古风
赤伶,HITA,古风
庐州月,许嵩,古风
最炫民族风,凤凰传奇,古风
铁血丹心,罗文、甄妮,古风
此去半生(青衣戏腔版),京剧·吴昊,古风
燕无歇,蒋雪儿Snow.J,古风
江湖之间,曹雨航、朝歌夜弦,古风
不负人间,阿YueYue,古风
那时雨,徐良,古风
云裳羽衣曲,周深,古风
红昭愿,音阙诗听,古风
晚夜微雨问海棠,镜予歌、陈亦洺、喧笑,古风
爱江山更爱美人,李丽芬,古风
谪仙,伊格赛听、叶里,古风
清明上河图,李玉刚,古风
须尽欢,郑浩,古风
春涧,浅影阿,古风
若梦,周深,古风
风筝误,刘珂矣,古风
青丝,时光胶囊,古风
渡你不渡我,阿麦姑娘,古风
旧梦一场,阿悠悠,古风
离人赋,云汐,古风
长安姑娘,李常超（Lao乾妈）,古风
花田错,王力宏,古风
千年泪,Tank,古风
知否知否,胡夏、郁可唯,古风
乱世书,风华音纪、平生不晚,古风
伯虎说 (feat.唐伯虎Annie),伯爵Johnny、唐伯虎Annie,古风
山河图,凤凰传奇,古风
广寒宫,丸子呦,古风
西楼别序,尹昔眠、小田音乐社,古风
清明雨上,许嵩,古风
东风破,周杰伦,古风
光亮,周深,古风
芒种,音阙诗听、赵方婧,古风
西厢寻他,伯爵Johnny、唐伯虎Annie,古风
什么是逍遥,王同学Able,古风
花妖,刀郎,古风
突然的自我,伍佰 、 China Blue,华语
山楂树の恋,程佳佳,华语
化身孤岛的鲸,周深,华语
遥远的她,张学友,华语
如果可以(Live),汪苏泷、徐佳莹,华语
一路生花(Live),张韶涵、周深,华语
爱似水仙(合唱版),张茜（张惜淇）、半吨兄弟,华语
乌兰巴托的夜(丹正母子版),丹正母子,华语
I Want My Tears Back,Nightwish,欧美
Only Time,Enya,欧美
Long Long Journey,Enya,欧美
